index,id_str,sequence,annotation,adapter,end_sequence,end_adapter,,
1,ITS1F_b01,CTAAGGTAACGATCTTGGTCATTTAGAGGAAGTAA,,,,,,35
2,ITS1F_b02,TAAGGAGAACGATCTTGGTCATTTAGAGGAAGTAA,,,,,,
3,ITS1F_b03,AAGAGGATTCGATCTTGGTCATTTAGAGGAAGTAA,,,,,,
4,ITS1F_b04,TACCAAGATCGATCTTGGTCATTTAGAGGAAGTAA,,,,,,
5,ITS1F_b05,CAGAAGGAACGATCTTGGTCATTTAGAGGAAGTAA,,,,,,
6,ITS1F_b06,CTGCAAGTTCGATCTTGGTCATTTAGAGGAAGTAA,,,,,,
7,ITS1F_b07,TTCGTGATTCGATCTTGGTCATTTAGAGGAAGTAA,,,,,,
8,ITS1F_b08,TTCCGATAACGATCTTGGTCATTTAGAGGAAGTAA,,,,,,
9,ITS1F_b09,TGAGCGGAACGATCTTGGTCATTTAGAGGAAGTAA,,,,,,
10,ITS1F_b10,CTGACCGAACGATCTTGGTCATTTAGAGGAAGTAA,,,,,,
11,ITS1F_b11,TCCTCGAATCGATCTTGGTCATTTAGAGGAAGTAA,,,,,,
12,ITS1F_b12,TAGGTGGTTCGATCTTGGTCATTTAGAGGAAGTAA,,,,,,
13,ITS1F_b13,TCTAACGGACGATCTTGGTCATTTAGAGGAAGTAA,,,,,,
14,ITS1F_b14,TTGGAGTGTCGATCTTGGTCATTTAGAGGAAGTAA,,,,,,
15,ITS1F_b15,TCTAGAGGTCGATCTTGGTCATTTAGAGGAAGTAA,,,,,,
16,ITS1F_b16,TCTGGATGACGATCTTGGTCATTTAGAGGAAGTAA,,,,,,
17,ITS1F_b17,TCTATTCGTCGATCTTGGTCATTTAGAGGAAGTAA,,,,,,
18,ITS1F_b18,AGGCAATTGCGATCTTGGTCATTTAGAGGAAGTAA,,,,,,
19,ITS1F_b19,TTAGTCGGACGATCTTGGTCATTTAGAGGAAGTAA,,,,,,
20,ITS1F_b20,CAGATCCATCGATCTTGGTCATTTAGAGGAAGTAA,,,,,,
21,ITS1F_b21,TCGCAATTACGATCTTGGTCATTTAGAGGAAGTAA,,,,,,
22,ITS1F_b22,TTCGAGACGCGATCTTGGTCATTTAGAGGAAGTAA,,,,,,
23,ITS1F_b23,TGCCACGAACGATCTTGGTCATTTAGAGGAAGTAA,,,,,,
24,ITS1F_b24,AACCTCATTCGATCTTGGTCATTTAGAGGAAGTAA,,,,,,
25,ITS1F_b25,CCTGAGATACGATCTTGGTCATTTAGAGGAAGTAA,,,,,,
26,ITS1F_b26,TTACAACCTCGATCTTGGTCATTTAGAGGAAGTAA,,,,,,
27,ITS1F_b27,AACCATCCGCGATCTTGGTCATTTAGAGGAAGTAA,,,,,,
28,ITS1F_b28,ATCCGGAATCGATCTTGGTCATTTAGAGGAAGTAA,,,,,,
29,ITS1F_b29,TCGACCACTCGATCTTGGTCATTTAGAGGAAGTAA,,,,,,
30,ITS1F_b30,CGAGGTTATCGATCTTGGTCATTTAGAGGAAGTAA,,,,,,
31,ITS1F_b31,TCCAAGCTGCGATCTTGGTCATTTAGAGGAAGTAA,,,,,,
